model,origin,year,actual,forecast,err
Naive (last value),2004,2005,5.907,5.104,-0.802
Mean (expanding),2004,2005,5.907,2.36,-3.546
ARIMA (AIC grid),2004,2005,5.907,1.285,-4.622
ETS (damped trend),2004,2005,5.907,3.049,-2.858
VAR(1) gdp-infl-oil,2004,2005,5.907,2.541,-3.366
Ridge (ML benchmark),2004,2005,5.907,2.398,-3.508
Naive (last value),2005,2006,6.472,5.907,-0.566
Mean (expanding),2005,2006,6.472,2.582,-3.891
ARIMA (AIC grid),2005,2006,6.472,3.407,-3.065
ETS (damped trend),2005,2006,6.472,3.833,-2.64
VAR(1) gdp-infl-oil,2005,2006,6.472,3.935,-2.538
Ridge (ML benchmark),2005,2006,6.472,3.406,-3.066
Naive (last value),2006,2007,6.851,6.472,-0.378
Mean (expanding),2006,2007,6.851,2.811,-4.04
ARIMA (AIC grid),2006,2007,6.851,6.472,-0.378
ETS (damped trend),2006,2007,6.851,4.584,-2.267
VAR(1) gdp-infl-oil,2006,2007,6.851,4.486,-2.364
Ridge (ML benchmark),2006,2007,6.851,4.09,-2.761
Naive (last value),2007,2008,0.232,6.851,6.618
Mean (expanding),2007,2008,0.232,3.035,2.803
ARIMA (AIC grid),2007,2008,0.232,6.851,6.618
ETS (damped trend),2007,2008,0.232,5.267,5.035
VAR(1) gdp-infl-oil,2007,2008,0.232,4.928,4.696
Ridge (ML benchmark),2007,2008,0.232,4.874,4.642
Naive (last value),2008,2009,3.307,0.232,-3.075
Mean (expanding),2008,2009,3.307,2.888,-0.419
ARIMA (AIC grid),2008,2009,3.307,3.752,0.445
ETS (damped trend),2008,2009,3.307,4.459,1.152
VAR(1) gdp-infl-oil,2008,2009,3.307,3.173,-0.134
Ridge (ML benchmark),2008,2009,3.307,2.118,-1.189
Naive (last value),2009,2010,8.058,3.307,-4.752
Mean (expanding),2009,2010,8.058,2.909,-5.15
ARIMA (AIC grid),2009,2010,8.058,3.641,-4.417
ETS (damped trend),2009,2010,8.058,4.386,-3.672
VAR(1) gdp-infl-oil,2009,2010,8.058,1.251,-6.808
Ridge (ML benchmark),2009,2010,8.058,1.39,-6.668
Naive (last value),2010,2011,5.121,8.058,2.937
Mean (expanding),2010,2011,5.121,3.154,-1.967
ARIMA (AIC grid),2010,2011,5.121,4.703,-0.418
ETS (damped trend),2010,2011,5.121,5.203,0.082
VAR(1) gdp-infl-oil,2010,2011,5.121,4.777,-0.344
Ridge (ML benchmark),2010,2011,5.121,5.535,0.414
Naive (last value),2011,2012,4.569,5.121,0.552
Mean (expanding),2011,2012,4.569,3.243,-1.325
ARIMA (AIC grid),2011,2012,4.569,4.824,0.256
ETS (damped trend),2011,2012,4.569,5.368,0.799
VAR(1) gdp-infl-oil,2011,2012,4.569,3.969,-0.599
Ridge (ML benchmark),2011,2012,4.569,2.966,-1.603
Naive (last value),2012,2013,3.798,4.569,0.771
Mean (expanding),2012,2013,3.798,3.301,-0.497
ARIMA (AIC grid),2012,2013,3.798,4.747,0.95
ETS (damped trend),2012,2013,3.798,5.41,1.612
VAR(1) gdp-infl-oil,2012,2013,3.798,3.619,-0.179
Ridge (ML benchmark),2012,2013,3.798,3.148,-0.65
Naive (last value),2013,2014,5.02,3.798,-1.222
Mean (expanding),2013,2014,5.02,3.322,-1.698
ARIMA (AIC grid),2013,2014,5.02,3.82,-1.2
ETS (damped trend),2013,2014,5.02,5.318,0.298
VAR(1) gdp-infl-oil,2013,2014,5.02,3.328,-1.692
Ridge (ML benchmark),2013,2014,5.02,2.959,-2.061
Naive (last value),2014,2015,4.968,5.02,0.052
Mean (expanding),2014,2015,4.968,3.39,-1.578
ARIMA (AIC grid),2014,2015,4.968,4.625,-0.343
ETS (damped trend),2014,2015,4.968,5.424,0.457
VAR(1) gdp-infl-oil,2014,2015,4.968,3.853,-1.115
Ridge (ML benchmark),2014,2015,4.968,3.7,-1.268
Naive (last value),2015,2016,4.214,4.968,0.754
Mean (expanding),2015,2016,4.214,3.45,-0.763
ARIMA (AIC grid),2015,2016,4.214,4.703,0.49
ETS (damped trend),2015,2016,4.214,5.506,1.293
VAR(1) gdp-infl-oil,2015,2016,4.214,3.845,-0.368
Ridge (ML benchmark),2015,2016,4.214,2.996,-1.217
Naive (last value),2016,2017,3.838,4.214,0.376
Mean (expanding),2016,2017,3.838,3.479,-0.359
ARIMA (AIC grid),2016,2017,3.838,4.262,0.424
ETS (damped trend),2016,2017,3.838,5.349,1.511
VAR(1) gdp-infl-oil,2016,2017,3.838,3.704,-0.134
Ridge (ML benchmark),2016,2017,3.838,3.389,-0.449
Naive (last value),2017,2018,5.648,3.838,-1.81
Mean (expanding),2017,2018,5.648,3.491,-2.157
ARIMA (AIC grid),2017,2018,5.648,4.107,-1.541
ETS (damped trend),2017,2018,5.648,5.133,-0.515
VAR(1) gdp-infl-oil,2017,2018,5.648,3.616,-2.032
Ridge (ML benchmark),2017,2018,5.648,3.732,-1.916
Naive (last value),2018,2019,5.114,5.648,0.534
Mean (expanding),2018,2019,5.114,3.566,-1.548
ARIMA (AIC grid),2018,2019,5.114,5.13,0.015
ETS (damped trend),2018,2019,5.114,5.315,0.201
VAR(1) gdp-infl-oil,2018,2019,5.114,4.415,-0.699
Ridge (ML benchmark),2018,2019,5.114,4.711,-0.404
Naive (last value),2019,2020,-0.273,5.114,5.387
Mean (expanding),2019,2020,-0.273,3.617,3.89
ARIMA (AIC grid),2019,2020,-0.273,4.577,4.85
ETS (damped trend),2019,2020,-0.273,5.36,5.632
VAR(1) gdp-infl-oil,2019,2020,-0.273,4.135,4.407
Ridge (ML benchmark),2019,2020,-0.273,3.822,4.095
Naive (last value),2020,2021,7.59,-0.273,-7.863
Mean (expanding),2020,2021,7.59,3.492,-4.099
ARIMA (AIC grid),2020,2021,7.59,1.551,-6.039
ETS (damped trend),2020,2021,7.59,4.585,-3.005
VAR(1) gdp-infl-oil,2020,2021,7.59,1.854,-5.736
Ridge (ML benchmark),2020,2021,7.59,0.961,-6.63
Naive (last value),2021,2022,4.86,7.59,2.731
Mean (expanding),2021,2022,4.86,3.62,-1.24
ARIMA (AIC grid),2021,2022,4.86,4.488,-0.372
ETS (damped trend),2021,2022,4.86,5.001,0.141
VAR(1) gdp-infl-oil,2021,2022,4.86,4.37,-0.49
Ridge (ML benchmark),2021,2022,4.86,5.068,0.208
Naive (last value),2022,2023,5.72,4.86,-0.86
Mean (expanding),2022,2023,5.72,3.658,-2.062
ARIMA (AIC grid),2022,2023,5.72,4.553,-1.167
ETS (damped trend),2022,2023,5.72,5.022,-0.698
VAR(1) gdp-infl-oil,2022,2023,5.72,3.983,-1.737
Ridge (ML benchmark),2022,2023,5.72,3.849,-1.871
Naive (last value),2023,2024,4.66,5.72,1.06
Mean (expanding),2023,2024,4.66,3.718,-0.942
ARIMA (AIC grid),2023,2024,4.66,4.761,0.101
ETS (damped trend),2023,2024,4.66,5.16,0.5
VAR(1) gdp-infl-oil,2023,2024,4.66,4.055,-0.605
Ridge (ML benchmark),2023,2024,4.66,4.035,-0.625
Naive (last value),2024,2025,4.633,4.66,0.028
Mean (expanding),2024,2025,4.633,3.745,-0.888
ARIMA (AIC grid),2024,2025,4.633,4.742,0.109
ETS (damped trend),2024,2025,4.633,5.131,0.499
VAR(1) gdp-infl-oil,2024,2025,4.633,4.076,-0.557
Ridge (ML benchmark),2024,2025,4.633,4.041,-0.591
