country,year,gdp_growth,inflation,unemployment,fx_rate,fx_depr,ca_gdp,exports_gdp,imports_gdp,investment_gdp,gdp_pc,oil_growth,stress_index,stress_band,slump_next,slump_prob_next
Ethiopia,2000,6.073,0.662,3.499,8.217,3.463,0.163,,,0.0,247.505,55.801,25.947,Moderate,0.0,0.072
Ethiopia,2001,8.301,-8.238,3.16,8.457,2.924,-4.536,,,0.0,260.042,-13.475,23.796,Low,1.0,0.213
Ethiopia,2002,1.515,0.675,3.054,8.568,1.304,-1.74,,,0.0,256.067,2.049,22.541,Low,1.0,0.129
Ethiopia,2003,-2.161,13.674,3.008,8.6,0.373,-1.582,,,0.0,243.077,16.064,35.698,Moderate,0.0,0.067
Ethiopia,2004,13.573,3.327,2.776,8.636,0.417,-6.592,,,0.0,267.924,30.45,27.588,Moderate,0.0,0.129
Ethiopia,2005,11.819,9.97,2.497,8.666,0.357,-12.642,,,0.0,290.833,41.645,32.858,Moderate,0.0,0.091
Ethiopia,2006,10.835,12.299,2.337,8.699,0.371,-11.687,,,0.0,313.014,20.412,35.622,Moderate,0.0,0.11
Ethiopia,2007,11.456,17.24,2.337,8.966,3.073,-4.201,,,0.0,338.799,10.575,45.854,Moderate,0.0,0.11
Ethiopia,2008,10.789,44.357,2.326,9.6,7.069,-6.671,,,0.0,364.642,36.428,74.056,High,0.0,0.043
Ethiopia,2009,8.803,8.484,2.326,11.778,22.687,-6.753,,,0.0,385.632,-36.289,48.201,Moderate,0.0,0.252
Ethiopia,2010,12.551,8.149,2.295,14.41,22.347,-2.122,,,0.0,421.899,27.832,50.316,High,0.0,0.119
Ethiopia,2011,11.178,33.25,2.27,16.899,17.278,-3.304,16.687,31.546,32.108,455.91,31.646,74.764,High,0.0,0.057
Ethiopia,2012,8.648,23.6,2.252,17.705,4.767,-7.107,13.767,31.631,37.098,481.64,0.962,52.588,High,0.0,0.1
Ethiopia,2013,10.582,7.464,2.251,18.627,5.207,-6.366,12.484,28.988,34.081,518.325,-0.857,35.196,Moderate,0.0,0.159
Ethiopia,2014,10.257,6.89,2.361,19.586,5.149,-10.378,11.642,29.099,37.994,556.363,-7.589,33.042,Moderate,0.0,0.182
Ethiopia,2015,10.392,9.569,2.442,20.577,5.06,-12.184,9.363,30.293,40.671,597.912,-47.193,35.486,Moderate,0.0,0.286
Ethiopia,2016,9.433,6.628,2.556,21.732,5.612,-11.545,7.812,27.087,37.349,636.836,-15.748,32.312,Moderate,0.0,0.202
Ethiopia,2017,9.564,10.687,2.665,23.866,9.822,-7.763,7.629,23.474,38.444,678.985,23.364,41.206,Moderate,0.0,0.109
Ethiopia,2018,6.816,13.833,2.811,27.429,14.93,-5.533,8.373,22.827,34.163,705.969,29.356,48.219,Moderate,0.0,0.085
Ethiopia,2019,8.364,15.81,2.928,29.07,5.98,-5.472,7.94,20.875,35.264,744.703,-10.102,44.516,Moderate,0.0,0.145
Ethiopia,2020,6.06,20.356,3.998,34.927,20.15,-2.755,7.127,16.879,30.579,768.705,-32.736,59.43,High,0.0,0.184
Ethiopia,2021,5.642,26.84,3.935,43.734,25.214,-4.132,7.632,16.713,28.025,790.657,67.312,70.006,High,0.0,0.038
Ethiopia,2022,5.322,33.89,3.386,51.756,18.344,-4.191,8.244,18.352,25.342,811.178,40.521,73.377,High,0.0,0.043
Ethiopia,2023,6.594,30.219,3.375,54.601,5.496,-3.524,6.596,14.002,22.169,842.447,-16.787,60.537,High,0.0,0.108
Ethiopia,2024,7.613,21.038,3.357,82.601,51.282,-2.532,5.539,11.861,20.575,883.459,-2.599,83.606,Severe,0.0,0.142
Ethiopia,2025,9.772,13.23,3.323,,5.496,-5.472,13.284,20.176,20.12,945.359,-14.358,41.432,Moderate,,0.175
Ghana,2000,3.7,40.241,10.456,0.545,104.363,-7.755,48.802,67.246,23.999,1022.275,55.801,98.54,Severe,0.0,0.059
Ghana,2001,4.0,41.509,9.615,0.716,31.452,-8.043,45.233,64.813,26.599,1035.227,-13.475,84.638,Severe,0.0,0.138
Ghana,2002,4.5,9.361,8.711,0.792,10.626,-1.707,42.616,54.873,19.7,1052.466,2.049,36.947,Moderate,0.0,0.182
Ghana,2003,5.2,29.773,7.728,0.867,9.382,1.332,40.679,56.608,22.937,1077.7,16.064,61.348,High,0.0,0.087
Ghana,2004,5.6,18.043,6.758,0.899,3.776,-6.645,39.303,60.367,28.378,1108.305,30.45,41.956,Moderate,0.0,0.092
Ghana,2005,5.9,15.439,5.816,0.905,0.635,-10.281,36.449,61.722,29.002,1143.312,41.645,36.188,Moderate,0.0,0.08
Ghana,2006,6.4,11.679,4.897,0.915,1.093,-5.057,24.656,39.863,22.466,1185.266,20.412,34.558,Moderate,0.0,0.108
Ghana,2007,4.347,10.734,5.104,0.933,1.914,-9.581,24.525,40.829,15.385,1205.317,10.575,31.812,Moderate,0.0,0.125
Ghana,2008,9.15,16.495,5.144,1.052,12.83,-11.602,25.029,44.485,16.492,1282.634,36.428,47.246,Moderate,1.0,0.097
Ghana,2009,4.844,19.247,5.362,1.405,33.517,-7.283,29.292,42.303,16.432,1311.631,-36.289,65.131,High,0.0,0.227
Ghana,2010,7.9,10.733,5.384,1.43,1.781,-8.533,29.477,45.901,13.1,1381.228,27.832,33.069,Moderate,0.0,0.113
Ghana,2011,14.047,8.728,4.213,1.521,6.339,-9.003,36.937,49.359,12.81,1537.818,31.646,36.464,Moderate,1.0,0.13
Ghana,2012,9.293,11.186,3.126,1.825,20.008,-11.901,40.359,52.809,16.968,1640.541,0.962,47.439,Moderate,0.0,0.163
Ghana,2013,7.313,11.666,2.173,1.981,8.575,-9.076,25.441,35.319,24.772,1718.597,-0.857,40.555,Moderate,1.0,0.133
Ghana,2014,2.856,15.49,4.403,2.897,46.192,-6.757,28.232,35.605,27.165,1726.369,-7.589,70.0,High,0.0,0.157
Ghana,2015,2.121,17.15,6.806,3.715,28.243,-5.712,33.832,42.69,27.71,1722.773,-47.193,57.66,High,0.0,0.262
Ghana,2016,3.373,17.455,5.256,3.91,5.254,-5.044,31.193,36.684,25.456,1740.811,-15.748,42.993,Moderate,0.0,0.147
Ghana,2017,8.129,12.372,3.369,4.351,11.272,-3.316,33.877,36.671,19.566,1841.446,23.364,44.717,Moderate,0.0,0.101
Ghana,2018,6.2,7.809,3.204,4.585,5.397,-3.04,33.455,34.504,21.709,1915.453,29.356,34.769,Moderate,0.0,0.092
Ghana,2019,6.508,7.144,3.067,5.217,13.784,-2.727,37.45,39.375,18.647,1999.554,-10.102,40.327,Moderate,1.0,0.168
Ghana,2020,0.514,9.887,3.178,5.596,7.252,-3.048,31.525,35.05,18.224,1970.194,-32.736,36.615,Moderate,0.0,0.171
Ghana,2021,5.076,9.971,3.2,5.806,3.753,-2.821,30.055,32.653,17.037,2030.049,67.312,35.773,Moderate,0.0,0.047
Ghana,2022,3.805,31.256,2.87,8.272,42.488,-2.331,34.664,35.451,16.408,2067.209,40.521,88.124,Severe,0.0,0.047
Ghana,2023,3.14,38.107,2.829,11.02,33.219,-0.912,31.771,32.617,10.117,2091.813,-16.787,89.595,Severe,0.0,0.085
Ghana,2024,5.847,22.848,2.82,14.182,28.688,1.919,35.056,33.911,9.9,2173.003,-2.599,70.562,High,0.0,0.105
Ghana,2025,5.954,14.205,2.979,12.557,-11.459,8.221,,,,2260.576,-14.358,33.634,Moderate,,0.12
Kenya,2000,0.6,9.98,2.884,76.176,8.317,-1.569,21.588,31.721,17.414,1195.413,55.801,38.163,Moderate,0.0,0.046
Kenya,2001,3.78,5.739,2.876,78.563,3.134,-2.466,22.932,33.015,18.79,1202.293,-13.475,30.322,Moderate,1.0,0.155
Kenya,2002,0.547,1.961,2.916,78.749,0.237,-0.895,24.898,30.275,15.138,1171.426,2.049,23.282,Low,0.0,0.118
Kenya,2003,2.932,9.816,2.869,75.936,-3.573,0.888,24.087,30.045,16.482,1169.144,16.064,30.978,Moderate,0.0,0.084
Kenya,2004,5.104,11.624,2.844,79.174,4.265,-0.819,26.61,32.867,16.962,1191.254,30.45,38.902,Moderate,0.0,0.075
Kenya,2005,5.907,10.313,2.739,75.554,-4.572,-1.347,28.509,35.97,17.65,1223.447,41.645,31.188,Moderate,0.0,0.064
Kenya,2006,6.472,14.454,2.673,72.101,-4.571,-1.976,22.985,32.252,18.634,1263.542,20.412,35.986,Moderate,0.0,0.081
Kenya,2007,6.851,9.759,2.642,67.318,-6.634,-3.229,21.919,31.976,20.457,1309.911,10.575,28.836,Moderate,1.0,0.106
Kenya,2008,0.232,26.24,2.751,69.175,2.76,-5.523,22.674,34.905,19.613,1273.772,36.428,51.588,High,0.0,0.04
Kenya,2009,3.307,9.234,2.816,77.352,11.82,-3.987,18.775,27.17,19.019,1276.735,-36.289,39.999,Moderate,0.0,0.2
Kenya,2010,8.058,3.961,2.793,79.233,2.432,-5.217,20.124,30.27,21.264,1340.165,27.832,28.368,Moderate,0.0,0.107
Kenya,2011,5.121,14.022,2.699,88.811,12.088,-8.149,21.549,36.853,21.886,1370.58,31.646,45.056,Moderate,0.0,0.077
Kenya,2012,4.569,9.378,2.678,84.53,-4.821,-7.476,19.865,31.759,22.193,1396.302,0.962,27.567,Moderate,0.0,0.119
Kenya,2013,3.798,5.717,2.762,86.123,1.885,-7.852,17.792,29.672,22.405,1413.941,-0.857,27.754,Moderate,0.0,0.134
Kenya,2014,5.02,6.878,2.767,87.922,2.089,-9.34,16.473,29.698,24.951,1450.593,-7.589,29.169,Moderate,0.0,0.152
Kenya,2015,4.968,6.582,2.762,98.178,11.665,-6.305,15.129,25.199,22.103,1489.12,-47.193,36.679,Moderate,0.0,0.258
Kenya,2016,4.214,6.297,2.757,101.504,3.388,-5.397,13.25,21.615,19.348,1517.978,-15.748,30.429,Moderate,0.0,0.163
Kenya,2017,3.838,8.006,3.542,103.41,1.877,-6.997,12.737,23.258,20.663,1542.338,23.364,30.213,Moderate,0.0,0.095
Kenya,2018,5.648,4.69,4.284,101.302,-2.039,-5.411,12.542,21.873,19.376,1596.69,29.356,24.245,Low,0.0,0.103
Kenya,2019,5.114,5.24,5.014,101.991,0.681,-5.239,11.428,20.331,19.342,1645.71,-10.102,26.286,Moderate,1.0,0.183
Kenya,2020,-0.273,5.405,5.613,106.451,4.372,-3.269,11.441,18.958,19.652,1609.334,-32.736,27.615,Moderate,0.0,0.212
Kenya,2021,7.59,6.108,5.693,109.638,2.994,-4.599,13.11,21.892,20.391,1698.896,67.312,29.583,Moderate,0.0,0.07
Kenya,2022,4.86,7.66,5.565,117.866,7.505,-4.2,15.957,24.318,19.054,1747.532,40.521,33.912,Moderate,0.0,0.09
Kenya,2023,5.72,7.671,5.409,139.846,18.649,-2.546,16.713,24.22,16.571,1811.217,-16.787,42.859,Moderate,0.0,0.211
Kenya,2024,4.66,4.49,5.487,134.822,-3.592,-1.287,16.855,23.151,16.482,1858.877,-2.599,23.173,Low,0.0,0.162
Kenya,2025,4.633,4.069,5.449,129.303,-4.094,-4.2,15.764,21.757,16.955,1907.819,-14.358,21.412,Low,,0.195
Nigeria,2000,5.016,6.933,3.953,101.697,10.136,10.737,,,,1421.68,55.801,40.729,Moderate,0.0,0.058
Nigeria,2001,5.918,18.874,3.9,111.231,9.375,3.368,,,,1465.457,-13.475,51.922,High,0.0,0.131
Nigeria,2002,15.329,12.877,3.669,120.578,8.403,1.139,,,,1644.395,2.049,46.282,Moderate,1.0,0.159
Nigeria,2003,7.347,14.032,3.637,129.222,7.169,3.237,,,,1717.215,16.064,45.344,Moderate,0.0,0.099
Nigeria,2004,9.251,14.998,3.59,132.888,2.837,12.404,,,,1824.803,30.45,46.883,Moderate,0.0,0.076
Nigeria,2005,6.439,17.863,3.727,131.274,-1.214,20.794,,,,1889.252,41.645,46.248,Moderate,0.0,0.053
Nigeria,2006,6.059,8.227,3.749,128.652,-1.998,15.314,,,,1949.159,20.412,34.442,Moderate,0.0,0.09
Nigeria,2007,6.591,5.386,3.794,125.808,-2.21,9.936,,,,2020.833,10.575,30.417,Moderate,0.0,0.116
Nigeria,2008,6.764,11.583,3.792,118.567,-5.756,8.585,,,,2098.283,36.428,34.631,Moderate,0.0,0.068
Nigeria,2009,8.037,12.538,3.763,148.88,25.566,4.701,,,,2204.607,-36.289,57.498,High,0.0,0.23
Nigeria,2010,8.006,13.74,3.744,150.298,0.952,3.573,,,,2315.467,27.832,40.793,Moderate,0.0,0.084
Nigeria,2011,5.308,10.826,3.77,153.862,2.372,2.574,,,,2370.977,31.646,37.225,Moderate,0.0,0.078
Nigeria,2012,4.23,12.224,3.761,157.5,2.364,3.745,,,,2403.654,0.962,38.849,Moderate,0.0,0.112
Nigeria,2013,6.671,8.496,3.711,157.312,-0.12,3.662,,,,2495.341,-0.857,33.581,Moderate,0.0,0.134
Nigeria,2014,6.31,8.047,3.9,158.553,0.789,0.158,,,,2583.616,-7.589,32.371,Moderate,1.0,0.154
Nigeria,2015,2.653,9.009,4.134,192.44,21.373,-3.131,,,,2585.734,-47.193,45.902,Moderate,1.0,0.254
Nigeria,2016,-1.617,15.697,4.499,253.492,31.725,1.255,,,,2481.815,-15.748,60.823,High,1.0,0.131
Nigeria,2017,0.806,16.502,4.83,305.79,20.631,3.61,,,,2441.712,23.364,55.123,High,1.0,0.076
Nigeria,2018,1.923,12.095,5.069,306.084,0.096,1.727,,,,2431.779,29.356,34.886,Moderate,0.0,0.075
Nigeria,2019,2.208,11.396,5.206,306.921,0.274,-2.048,,,,2431.535,-10.102,33.02,Moderate,1.0,0.142
Nigeria,2020,-6.369,13.246,5.714,358.811,16.907,-2.671,,,,2228.686,-32.736,44.988,Moderate,1.0,0.175
Nigeria,2021,1.109,16.953,5.404,401.152,11.8,-0.534,,,,2206.664,67.312,47.725,Moderate,0.0,0.041
Nigeria,2022,4.319,18.847,3.827,425.979,6.189,0.157,,,,2254.291,40.521,48.083,Moderate,0.0,0.056
Nigeria,2023,3.316,24.66,3.074,645.194,51.461,1.318,,,,2280.678,-16.787,87.859,Severe,0.0,0.129
Nigeria,2024,4.071,33.242,3.045,1478.965,129.228,7.544,,,,2324.597,-2.599,100.0,Severe,0.0,0.084
Nigeria,2025,4.013,23.01,3.064,1518.381,2.665,4.828,,,,2368.539,-14.358,52.175,High,,0.101
Rwanda,2000,8.371,3.9,11.699,389.696,16.696,-10.746,5.259,26.061,33.724,331.097,55.801,31.683,Moderate,0.0,0.155
Rwanda,2001,8.485,3.343,11.732,442.992,13.676,-10.746,7.275,25.884,35.452,356.018,-13.475,28.885,Moderate,0.0,0.358
Rwanda,2002,13.192,1.993,11.432,475.365,7.308,-10.746,6.058,25.259,34.495,397.559,2.049,24.488,Low,1.0,0.341
Rwanda,2003,2.202,7.45,11.658,537.655,13.104,-10.746,7.357,25.462,35.408,397.48,16.064,31.152,Moderate,0.0,0.192
Rwanda,2004,7.448,12.251,11.699,577.449,7.401,-10.746,9.851,27.181,41.157,415.944,30.45,34.302,Moderate,0.0,0.168
Rwanda,2005,9.378,9.014,11.842,557.823,-3.399,-10.746,10.181,27.845,42.528,443.008,41.645,23.353,Low,0.0,0.159
Rwanda,2006,9.227,8.883,11.586,551.71,-1.096,-10.746,11.127,22.531,15.224,471.151,20.412,24.96,Low,0.0,0.208
Rwanda,2007,7.633,9.081,11.58,546.955,-0.862,-10.746,13.878,22.57,16.973,493.803,10.575,24.829,Low,0.0,0.223
Rwanda,2008,11.161,15.438,11.517,546.849,-0.019,-10.746,11.392,26.605,21.605,534.678,36.428,33.974,Moderate,1.0,0.157
Rwanda,2009,6.248,12.944,11.625,568.281,3.919,-10.746,10.489,26.725,21.292,553.622,-36.289,32.236,Moderate,0.0,0.348
Rwanda,2010,7.335,-0.246,11.637,583.131,2.613,-6.595,10.852,26.889,20.798,579.419,27.832,17.776,Low,0.0,0.213
Rwanda,2011,7.958,3.08,11.756,600.307,2.945,-7.012,12.783,27.377,21.133,610.376,31.646,21.853,Low,0.0,0.195
Rwanda,2012,8.642,10.271,11.671,614.295,2.33,-9.806,12.171,28.91,23.61,647.437,0.962,29.082,Moderate,1.0,0.256
Rwanda,2013,4.72,5.924,11.768,646.636,5.265,-7.585,13.672,29.589,24.738,661.894,-0.857,25.531,Moderate,0.0,0.253
Rwanda,2014,5.668,2.354,11.837,682.438,5.537,-11.496,14.059,30.424,23.539,682.709,-7.589,20.643,Low,0.0,0.31
Rwanda,2015,8.87,2.529,11.831,719.86,5.484,-12.829,13.387,32.348,24.52,725.691,-47.193,21.512,Low,1.0,0.494
Rwanda,2016,5.659,7.174,11.788,787.252,9.362,-15.48,15.618,34.472,26.197,748.798,-15.748,28.612,Moderate,0.0,0.317
Rwanda,2017,4.704,8.28,11.875,831.554,5.628,-9.552,20.733,33.475,24.092,765.845,23.364,27.811,Moderate,0.0,0.182
Rwanda,2018,8.071,-0.311,10.759,861.093,3.552,-10.101,21.636,26.347,17.907,808.705,29.356,18.021,Low,0.0,0.209
Rwanda,2019,9.286,3.348,11.236,899.351,4.443,-11.701,22.03,26.862,21.663,863.872,-10.102,22.494,Low,1.0,0.335
Rwanda,2020,-2.777,9.85,11.829,943.278,4.884,-11.705,18.668,25.683,18.186,821.257,-32.736,25.945,Moderate,0.0,0.28
Rwanda,2021,8.411,-0.391,15.775,988.625,4.807,-10.746,19.286,40.515,36.07,871.042,67.312,15.802,Low,0.0,0.182
Rwanda,2022,9.825,17.689,15.084,1030.308,4.216,-9.072,21.799,39.16,37.755,935.895,40.521,37.612,Moderate,0.0,0.172
Rwanda,2023,8.56,19.79,12.352,1160.099,12.597,-11.125,23.701,43.192,38.363,993.911,-16.787,46.597,Moderate,0.0,0.286
Rwanda,2024,7.227,1.77,11.331,1318.128,13.622,-11.962,28.421,43.266,34.721,1043.16,-2.599,26.463,Moderate,0.0,0.313
Rwanda,2025,9.376,5.913,11.363,1428.478,8.372,-10.746,21.555,35.119,34.126,1116.47,-14.358,28.539,Moderate,,0.341
South Africa,2000,4.2,5.339,22.788,6.94,13.591,-0.126,24.404,21.816,15.06,4700.876,55.801,26.586,Moderate,0.0,0.244
South Africa,2001,2.7,5.702,22.652,8.609,24.055,0.253,26.357,22.814,14.574,4786.482,-13.475,34.241,Moderate,0.0,0.487
South Africa,2002,3.7,9.495,22.579,10.541,22.436,0.782,28.431,25.034,15.036,4916.815,2.049,37.99,Moderate,0.0,0.406
South Africa,2003,2.949,5.679,22.679,7.565,-28.233,-0.782,23.915,21.809,15.657,5011.622,16.064,6.936,Low,0.0,0.329
South Africa,2004,4.555,-0.692,22.567,6.46,-14.608,-2.507,22.758,22.886,16.96,5187.357,30.45,0.0,Low,0.0,0.33
South Africa,2005,5.277,2.063,22.472,6.359,-1.554,-2.775,23.6,23.828,16.832,5406.076,41.645,11.602,Low,0.0,0.297
South Africa,2006,5.604,3.244,22.304,6.772,6.482,-4.0,26.098,27.67,18.49,5650.988,20.412,18.569,Low,0.0,0.379
South Africa,2007,5.36,6.178,22.26,7.045,4.044,-4.862,27.959,29.166,19.326,5891.421,10.575,19.863,Low,0.0,0.393
South Africa,2008,3.191,9.91,22.407,8.261,17.258,-5.186,32.255,33.72,21.287,6009.72,36.428,32.768,Moderate,1.0,0.28
South Africa,2009,-1.538,7.238,23.523,8.474,2.572,-2.385,24.983,24.605,18.767,5847.058,-36.289,17.77,Low,0.0,0.518
South Africa,2010,3.04,4.067,24.683,7.321,-13.6,-1.299,25.783,24.623,17.596,5953.945,27.832,3.768,Low,0.0,0.334
South Africa,2011,3.169,5.001,24.639,7.261,-0.821,-2.02,27.698,26.938,18.853,6067.125,31.646,13.78,Low,0.0,0.333
South Africa,2012,2.396,5.738,24.727,8.21,13.067,-4.684,27.139,28.443,18.585,6121.558,0.962,23.475,Low,0.0,0.464
South Africa,2013,2.485,5.78,24.561,9.655,17.602,-5.338,28.379,30.496,19.169,6170.877,-0.857,26.709,Moderate,1.0,0.477
South Africa,2014,1.414,6.133,24.89,10.853,12.404,-4.812,29.001,30.499,18.488,6155.006,-7.589,22.988,Low,1.0,0.488
South Africa,2015,1.322,4.519,25.149,12.759,17.565,-4.31,27.714,29.013,18.633,6112.274,-47.193,24.823,Low,1.0,0.662
South Africa,2016,0.665,6.603,26.536,14.71,15.289,-2.634,28.156,27.705,16.96,6095.295,-15.748,25.085,Moderate,1.0,0.542
South Africa,2017,1.158,5.186,27.035,13.324,-9.421,-2.374,27.34,26.196,16.611,6125.692,23.364,5.607,Low,1.0,0.377
South Africa,2018,1.557,4.51,26.906,13.234,-0.675,-3.001,27.497,26.989,16.171,6117.27,29.356,11.138,Low,1.0,0.373
South Africa,2019,0.26,4.103,28.468,14.448,9.177,-2.62,27.202,26.696,15.821,6032.83,-10.102,16.537,Low,1.0,0.562
South Africa,2020,-6.169,3.232,29.217,16.459,13.916,2.004,27.576,23.184,12.346,5569.585,-32.736,18.983,Low,0.0,0.634
South Africa,2021,4.859,4.619,34.007,14.779,-10.21,3.772,31.192,24.973,12.836,5750.909,67.312,4.438,Low,0.0,0.339
South Africa,2022,2.058,7.04,33.268,16.356,10.672,-0.296,33.539,31.408,15.672,5786.865,40.521,20.039,Low,1.0,0.435
South Africa,2023,0.806,6.075,32.098,18.45,12.805,-1.104,33.254,32.426,15.391,5756.55,-16.787,19.956,Low,1.0,0.651
South Africa,2024,0.535,4.361,32.279,18.329,-0.659,-0.643,31.792,29.855,14.07,5715.475,-2.599,8.233,Low,1.0,0.59
South Africa,2025,1.115,3.206,32.391,17.889,-2.4,-0.423,31.41,29.501,13.871,5713.119,-14.358,5.849,Low,,0.647
Tanzania,2000,4.521,5.924,3.129,800.409,7.472,-3.203,10.813,13.176,17.463,555.348,55.801,33.524,Moderate,0.0,0.061
Tanzania,2001,6.071,5.147,2.994,876.412,9.496,-4.156,13.837,14.193,18.317,573.4,-13.475,34.38,Moderate,0.0,0.179
Tanzania,2002,7.093,5.318,3.023,966.583,10.289,-0.324,14.282,13.218,18.088,598.422,2.049,36.692,Moderate,0.0,0.146
Tanzania,2003,6.673,5.304,3.053,1038.419,7.432,-1.145,15.093,15.356,20.684,621.721,16.064,34.198,Moderate,0.0,0.118
Tanzania,2004,7.504,4.736,3.105,1089.335,4.903,-2.899,16.046,17.564,24.494,650.517,30.45,31.41,Moderate,0.0,0.101
Tanzania,2005,7.476,5.035,3.193,1128.934,3.635,-5.939,16.983,19.976,27.396,680.051,41.645,29.812,Moderate,0.0,0.087
Tanzania,2006,6.532,7.251,3.299,1251.9,10.892,-5.919,18.415,24.353,30.324,704.503,20.412,37.222,Moderate,0.0,0.114
Tanzania,2007,6.769,7.026,3.023,1245.035,-0.548,-7.844,19.831,28.228,32.651,731.52,10.575,28.349,Moderate,0.0,0.125
Tanzania,2008,5.686,10.278,2.775,1196.311,-3.914,-9.221,19.465,29.562,37.49,752.54,36.428,29.018,Moderate,0.0,0.075
Tanzania,2009,5.269,12.142,2.5,1320.312,10.365,-6.156,18.194,25.338,34.356,772.93,-36.289,42.45,Moderate,0.0,0.199
Tanzania,2010,6.337,6.2,3.03,1395.625,5.704,-6.906,19.608,28.033,32.017,801.299,27.832,32.052,Moderate,0.0,0.1
Tanzania,2011,7.672,12.691,3.47,1557.433,11.594,-12.641,21.634,34.532,34.736,838.999,31.646,42.133,Moderate,1.0,0.096
Tanzania,2012,4.5,16.001,3.223,1571.698,0.916,-9.494,22.372,31.997,34.845,851.911,0.962,38.345,Moderate,0.0,0.11
Tanzania,2013,6.782,7.871,2.93,1597.556,1.645,-10.927,19.013,29.619,37.471,882.812,-0.857,29.979,Moderate,0.0,0.148
Tanzania,2014,6.732,6.132,2.125,1653.231,3.485,-9.976,18.069,27.287,37.654,913.811,-7.589,30.06,Moderate,0.0,0.159
Tanzania,2015,6.161,5.588,2.009,1991.391,20.454,-5.522,17.105,23.653,32.759,939.127,-47.193,42.954,Moderate,0.0,0.27
Tanzania,2016,6.867,5.175,1.931,2177.087,9.325,-2.446,16.35,19.07,32.175,970.156,-15.748,35.723,Moderate,0.0,0.174
Tanzania,2017,6.727,5.319,1.854,2228.857,2.378,-2.773,15.663,17.449,32.354,1001.559,23.364,30.779,Moderate,0.0,0.096
Tanzania,2018,5.503,3.494,1.792,2263.782,1.567,-4.05,14.739,17.903,38.377,1024.015,29.356,27.314,Moderate,0.0,0.088
Tanzania,2019,5.8,3.464,1.735,2288.207,1.079,-2.196,16.037,16.982,39.726,1051.767,-10.102,27.651,Moderate,1.0,0.153
Tanzania,2020,1.992,3.29,1.792,2294.146,0.26,-2.208,13.504,14.459,38.746,1041.26,-32.736,25.553,Moderate,0.0,0.182
Tanzania,2021,4.321,3.691,1.876,2297.764,0.158,-3.36,14.12,15.795,39.687,1054.317,67.312,26.302,Moderate,0.0,0.047
Tanzania,2022,4.566,4.35,1.573,2303.034,0.229,-7.237,15.414,19.59,41.068,1070.585,40.521,26.137,Moderate,0.0,0.071
Tanzania,2023,5.07,3.799,1.565,2383.043,3.474,-3.746,17.195,21.017,41.002,1092.864,-16.787,29.12,Moderate,0.0,0.164
Tanzania,2024,5.526,3.057,1.557,2597.9,9.016,-3.003,19.733,21.576,39.568,1120.774,-2.599,32.646,Moderate,0.0,0.142
Tanzania,2025,5.853,3.327,1.572,,3.635,-4.156,18.985,19.987,40.682,1153.175,-14.358,28.823,Moderate,,0.165
Uganda,2000,3.142,3.392,3.531,1644.475,13.036,-5.793,10.651,22.098,19.484,509.198,55.801,33.093,Moderate,0.0,0.067
Uganda,2001,5.184,1.865,3.522,1755.659,6.761,-5.232,11.518,23.812,19.302,519.457,-13.475,27.679,Moderate,0.0,0.192
Uganda,2002,8.733,-0.288,3.5,1797.55,2.386,-2.46,11.213,25.065,20.217,547.405,2.049,24.128,Low,0.0,0.177
Uganda,2003,6.473,8.68,3.6,1963.72,9.244,-0.582,11.387,25.199,20.984,564.721,16.064,39.186,Moderate,0.0,0.113
Uganda,2004,6.807,3.721,2.699,1810.305,-7.812,-0.021,12.697,22.763,20.146,585.339,30.45,22.005,Low,0.0,0.089
Uganda,2005,6.333,8.449,1.9,1780.54,-1.644,0.58,14.18,24.815,22.355,604.405,41.645,32.397,Moderate,0.0,0.064
Uganda,2006,10.785,7.311,2.264,1831.452,2.859,-3.189,15.275,28.358,21.13,650.271,20.412,34.401,Moderate,0.0,0.116
Uganda,2007,8.412,6.139,2.667,1723.492,-5.895,-4.729,16.725,30.052,22.083,684.542,10.575,25.226,Moderate,0.0,0.125
Uganda,2008,8.709,12.051,3.035,1720.444,-0.177,-8.475,24.28,31.978,22.978,722.565,36.428,34.845,Moderate,0.0,0.083
Uganda,2009,6.802,13.017,3.6,2030.488,18.021,-4.171,18.614,28.45,26.616,749.343,-36.289,49.471,Moderate,0.0,0.225
Uganda,2010,5.638,3.977,3.623,2177.558,7.243,-6.035,13.824,24.445,27.104,768.624,27.832,30.295,Moderate,0.0,0.108
Uganda,2011,9.392,16.564,3.523,2522.802,15.855,-7.489,12.856,26.9,26.755,816.516,31.646,51.849,High,1.0,0.091
Uganda,2012,3.837,12.679,3.551,2504.563,-0.723,-6.063,15.492,28.01,26.177,823.58,0.962,34.016,Moderate,0.0,0.115
Uganda,2013,3.587,4.905,1.91,2586.89,3.287,-6.057,16.513,26.596,31.974,828.989,-0.857,28.83,Moderate,0.0,0.127
Uganda,2014,5.106,3.076,2.357,2599.788,0.499,-6.642,14.948,21.066,26.853,845.979,-7.589,24.772,Low,0.0,0.157
Uganda,2015,5.188,5.59,2.681,3240.645,24.65,-5.16,12.877,24.812,23.86,862.935,-47.193,45.375,Moderate,0.0,0.276
Uganda,2016,4.781,5.706,3.002,3420.098,5.538,-2.854,12.427,18.782,25.415,874.648,-15.748,32.152,Moderate,0.0,0.169
Uganda,2017,3.131,5.21,3.428,3611.224,5.588,-4.883,16.661,20.176,24.614,871.094,23.364,30.17,Moderate,0.0,0.098
Uganda,2018,6.304,2.616,3.249,3727.069,3.208,-6.33,15.087,21.551,24.329,895.075,29.356,26.169,Moderate,0.0,0.106
Uganda,2019,6.439,2.868,3.057,3704.049,-0.618,-7.444,17.109,22.252,25.529,920.939,-10.102,23.506,Low,1.0,0.179
Uganda,2020,2.951,3.313,3.819,3718.249,0.383,-9.57,15.415,21.586,24.216,917.035,-32.736,22.452,Low,0.0,0.226
Uganda,2021,3.537,2.205,3.416,3587.052,-3.528,-8.894,15.781,25.933,24.086,919.402,67.312,19.004,Low,0.0,0.055
Uganda,2022,4.588,7.196,2.885,3689.817,2.865,-8.919,12.022,22.483,24.201,933.094,40.521,30.015,Moderate,0.0,0.076
Uganda,2023,5.337,5.351,2.754,3726.14,0.984,-7.433,11.602,21.74,22.816,955.746,-16.787,27.335,Moderate,0.0,0.176
Uganda,2024,6.056,3.323,2.74,3757.263,0.835,-7.775,16.758,25.895,22.4,986.09,-2.599,25.03,Moderate,0.0,0.156
Uganda,2025,6.332,3.581,2.746,3602.99,-4.106,-6.035,21.44,28.759,22.646,1020.576,-14.358,22.411,Low,,0.177
